great product i really love it,positive
the quality was okay not the best but decent for the price,positive
terrible experience the product broke after two days,negative
absolutely fantastic exceeded my expectations,positive
the product is good but shipping was delayed,positive
not worth the price very disappointed,negative
amazing quality would buy again,positive
it's just okay nothing special,neutral
poor quality not what i expected at all,neutral
love it will recommend to my friends,positive
decent product for the cost satisfied overall,positive
worst purchase ever totally dissatisfied,negative
the product works as described but nothing extraordinary,neutral
fantastic great value for money,positive
not great but not terrible either,neutral
good quality for the price i’m happy with it,positive
exceeded my expectations in every way,neutral
horrible experience the product is very cheap,negative
average product you get what you pay for,neutral
terrible would not recommend it to anyone,negative
excellent product will buy again,positive
just okay didn’t wow me,positive
product is fine but customer service was awful,neutral
disappointed with the quality not as advertised,neutral
very happy with my purchase great quality,positive
it's good but i've seen better,positive
quality is not as good as described,positive
loved the product high quality and fast shipping,positive
it's alright but there are better options out there,positive
would not buy again very poor quality,neutral
superb product very happy with it,positive
okay product but not what i was looking for,neutral
amazing far better than i expected,positive
not great but it gets the job done,negative
very good product met my expectations,positive
horrible quality waste of money,neutral
disappointing quality it broke after a week,neutral
satisfied with my purchase but there’s room for improvement,positive
great product but the color was different than pictured,positive
it’s okay nothing to write home about,neutral
extremely disappointed do not buy,neutral
fantastic quality for the price,positive
average product but fast delivery,neutral
top-notch quality worth every penny,positive
it works but feels a bit flimsy,neutral
cheaply made wouldn't recommend,positive
love the product but it’s a bit expensive,positive
terrible product do not waste your money,neutral
not the best but it will do,positive
excellent surpassed all my expectations,positive
