great product i really love it, positive
not worth the price very disappointed, negative
it's just okay nothing special, neutral
amazing quality would buy again, positive
the product is good but shipping was delayed, positive
poor quality not what i expected at all, neutral
love it will recommend to my friends, positive
decent product for the cost satisfied overall, positive
worst purchase ever totally dissatisfied, negative
the product works as described but nothing extraordinary, neutral
horrible experience the product is very cheap, negative
good quality for the price i’m happy with it, positive
exceeded my expectations in every way, neutral
fantastic great value for money, positive
terrible would not recommend it to anyone, negative
average product you get what you pay for, neutral
excellent product will buy again, positive
just okay didn’t wow me, positive
disappointed with the quality not as advertised, neutral
product is fine but customer service was awful, neutral
very happy with my purchase great quality, positive
it's good but i've seen better, positive
quality is not as good as described, positive
loved the product high quality and fast shipping, positive
it's alright but there are better options out there, positive
would not buy again very poor quality, neutral
superb product very happy with it, positive
okay product but not what i was looking for, neutral
not great but it gets the job done, negative
amazing far better than i expected, positive
disappointing quality it broke after a week, neutral
very good product met my expectations, positive
not great but not terrible either, neutral
satisfied with my purchase but there’s room for improvement, positive
fantastic quality for the price, positive
it’s okay nothing to write home about, neutral
great product but the color was different than pictured, positive
extremely disappointed do not buy, neutral
love the product but it’s a bit expensive, positive
average product but fast delivery, neutral
it works but feels a bit flimsy, neutral
top-notch quality worth every penny, positive
cheaply made wouldn't recommend, positive
excellent surpassed all my expectations, positive
not the best but it will do, positive
terrible product do not waste your money, neutral
horrible quality waste of money, neutral
the quality was okay not the best but decent for the price, positive
absolutely fantastic exceeded my expectations, positive
terrible experience the product broke after two days, negative
